,LDPC_code,xlen,ylen,message_sending_time,noise_set,average_probaility_error,SNRcDB,SNRbDB,Prob_block_error,detected_block_error,detected_bit_error,undetected_block_error,undetected_bit_error,count_time
0,MacKeyCode_96.33.964,96,48,1000,0.7,0.004021,0.0877,3.098,0.042,0.039,0.0038125,0.002,0.0002083,4.89
0,MacKeyCode_96.33.964,96,48,10000,0.6,8.333e-05,1.4267,4.437,0.0095,0.0009,7.5e-05,1e-e4,8.333e-06,20.26
0,test_ldpc,56,28,100,0.8,0.002627551020408163,-1.0721,3.6991,0.47,0.45,0.0023469387755102036,0.07999999999999996,0.00028061224489795913,18.19
0,test_ldpc,56,28,100,0.75,0.00048469387755102037,-0.5115,4.2597,0.85,0.12,0.0004081632653061224,0.030000000000000027,7.653061224489796e-05,14.98
0,test_ldpc,56,28,100,0.7,6.377551020408162e-05,0.0877,4.859,0.97,0.01,1.2755102040816325e-05,0.020000000000000018,5.10204081632653e-05,8.45
0,Product_code_96.33.964,96,48,100,0.85,0.007178819444444445,-1.5987,3.1725,0.030000000000000027,0.95,0.007161458333333333,0.020000000000000018,1.736111111111111e-05,79.51
0,Product_code_96.33.964,96,48,100,0.8,0.0010373263888888888,-1.0721,3.6991,0.52,0.46,0.0010069444444444446,0.020000000000000018,3.038194444444444e-05,54.45
0,Product_code_96.33.964,96,48,100,0.75,0.00012586805555555555,-0.5115,4.2597,0.87,0.12,0.0001171875,0.010000000000000009,8.680555555555556e-06,35.14
0,Product_code_96.33.964,96,48,100,0.7,4.340277777777778e-06,0.0877,4.859,0.99,0.01,4.340277777777778e-06,0.0,0.0,24.47
