,LDPC_code,xlen,ylen,message_sending_time,noise_set,average_probaility_error,SNRcDB,SNRbDB,Prob_block_error,detected_block_error,detected_bit_error,undetected_block_error,undetected_bit_error,count_time
0,Product_codeB_96.33.964,96,48,10,1.2,0.1884548611111111,-4.5939,1.4267,0.0,1.0,0.1884548611111111,0.0,0.0,81.5
0,Product_codeB_96.33.964,96,48,100,1,0.033519965277777786,-3.0103,3.0103,0.0,1.0,0.033519965277777786,0.0,0.0,555.68
0,Product_codeB_96.33.964,96,48,100,0.95,0.005316840277777774,-2.5648,3.4558,0.16000000000000003,0.84,0.005316840277777774,0.0,0.0,381.07
0,Product_codeB_96.33.964,96,48,1000,0.9,0.00037586805555555545,-2.0952,3.9254,0.819,0.18,0.00037499999999999985,0.0010000000000000009,8.680555555555555e-07,2631.31
0,Product_codeB_96.33.964,96,48,1000,0.85,3.1249999999999994e-05,-1.5987,4.4219,0.976,0.023,2.951388888888889e-05,0.0010000000000000009,1.736111111111111e-06,1925.87
0,Product_codeB_96.33.964,96,48,10000,0.8,2.300347222222222e-06,-1.0721,4.9485,0.9977,0.0023,2.300347222222222e-06,0.0,0.0,13274.5
